x,y,names,gold
<BIOGRAPHY>,Rowan Blake was born on 08/13/1957. Rowan Blake grew up in Highland. Rowan Blake studied Art History at University of Oxford. Rowan Blake works as a software engineer at Solaris Systems.,Rowan Blake,Rowan Blake | 08/13/1957 | Highland | Art History | software engineer | Solaris Systems
<BIOGRAPHY>,Taylor Brooks was born on 09/07/2001. Taylor Brooks grew up in Lakeside. Taylor Brooks studied Biology at UC Berkeley. Taylor Brooks works as a research analyst at Summit Works.,Taylor Brooks,Taylor Brooks | 09/07/2001 | Lakeside | Biology | research analyst | Summit Works
<BIOGRAPHY>,Taylor Gupta was born on 04/20/1957. Taylor Gupta grew up in Dysart. Taylor Gupta studied Mathematics at UC Berkeley. Taylor Gupta works as a software engineer at Aurora Health.,Taylor Gupta,Taylor Gupta | 04/20/1957 | Dysart | Mathematics | software engineer | Aurora Health
<BIOGRAPHY>,Riley Bennett was born on 04/13/1952. Riley Bennett grew up in Greenwood. Riley Bennett studied Philosophy at MIT. Riley Bennett works as a systems architect at Silverline Studios.,Riley Bennett,Riley Bennett | 04/13/1952 | Greenwood | Philosophy | systems architect | Silverline Studios
<BIOGRAPHY>,Emerson Clarke was born on 09/14/1943. Emerson Clarke grew up in Summit. Emerson Clarke studied Economics at UC Berkeley. Emerson Clarke works as a operations lead at Silverline Studios.,Emerson Clarke,Emerson Clarke | 09/14/1943 | Summit | Economics | operations lead | Silverline Studios
<BIOGRAPHY>,Cristian Santos was born on 01/01/1992. Cristian Santos grew up in Hueytown. Cristian Santos studied Philosophy at University of Oxford. Cristian Santos works as a policy strategist at Evergreen Media.,Cristian Santos,Cristian Santos | 01/01/1992 | Hueytown | Philosophy | policy strategist | Evergreen Media
<BIOGRAPHY>,Skyler Cruz was born on 06/07/1998. Skyler Cruz grew up in Oriska. Skyler Cruz studied Art History at Columbia University. Skyler Cruz works as a marketing director at Brightwave Analytics.,Skyler Cruz,Skyler Cruz | 06/07/1998 | Oriska | Art History | marketing director | Brightwave Analytics
<BIOGRAPHY>,Morgan Hayes was born on 06/02/1994. Morgan Hayes grew up in Oriska. Morgan Hayes studied Political Science at Harvard University. Morgan Hayes works as a product manager at Summit Works.,Morgan Hayes,Morgan Hayes | 06/02/1994 | Oriska | Political Science | product manager | Summit Works
<BIOGRAPHY>,Harper Lane was born on 09/21/2000. Harper Lane grew up in Brookfield. Harper Lane studied Philosophy at Columbia University. Harper Lane works as a software engineer at Summit Works.,Harper Lane,Harper Lane | 09/21/2000 | Brookfield | Philosophy | software engineer | Summit Works
<BIOGRAPHY>,Quinn Ramsey was born on 05/16/1963. Quinn Ramsey grew up in Hillcrest. Quinn Ramsey studied Biology at Harvard University. Quinn Ramsey works as a research analyst at Blue Horizon Labs.,Quinn Ramsey,Quinn Ramsey | 05/16/1963 | Hillcrest | Biology | research analyst | Blue Horizon Labs
<BIOGRAPHY>,Spencer Vega was born on 04/21/1971. Spencer Vega grew up in Summit. Spencer Vega studied Computer Science at MIT. Spencer Vega works as a product manager at Silverline Studios.,Spencer Vega,Spencer Vega | 04/21/1971 | Summit | Computer Science | product manager | Silverline Studios
<BIOGRAPHY>,Reese Nolan was born on 04/06/1973. Reese Nolan grew up in Lakeside. Reese Nolan studied Economics at UC Berkeley. Reese Nolan works as a operations lead at Cascade Robotics.,Reese Nolan,Reese Nolan | 04/06/1973 | Lakeside | Economics | operations lead | Cascade Robotics
<BIOGRAPHY>,Emerson Alvarez was born on 10/19/1964. Emerson Alvarez grew up in Hillcrest. Emerson Alvarez studied Sociology at Stanford University. Emerson Alvarez works as a marketing director at Lighthouse Partners.,Emerson Alvarez,Emerson Alvarez | 10/19/1964 | Hillcrest | Sociology | marketing director | Lighthouse Partners
<BIOGRAPHY>,Riley Singh was born on 12/15/1986. Riley Singh grew up in Greenwood. Riley Singh studied Mathematics at MIT. Riley Singh works as a policy strategist at Apex Consulting.,Riley Singh,Riley Singh | 12/15/1986 | Greenwood | Mathematics | policy strategist | Apex Consulting
<BIOGRAPHY>,Noah Rhodes was born on 12/14/1998. Noah Rhodes grew up in Lakeside. Noah Rhodes studied Sociology at Princeton University. Noah Rhodes works as a operations lead at Summit Works.,Noah Rhodes,Noah Rhodes | 12/14/1998 | Lakeside | Sociology | operations lead | Summit Works
<BIOGRAPHY>,Daniel Wagner was born on 01/13/1986. Daniel Wagner grew up in Northbridge. Daniel Wagner studied Sociology at MIT. Daniel Wagner works as a UX designer at Summit Works.,Daniel Wagner,Daniel Wagner | 01/13/1986 | Northbridge | Sociology | UX designer | Summit Works
<BIOGRAPHY>,Parker Quinn was born on 02/06/1972. Parker Quinn grew up in Summit. Parker Quinn studied Mechanical Engineering at Princeton University. Parker Quinn works as a software engineer at Summit Works.,Parker Quinn,Parker Quinn | 02/06/1972 | Summit | Mechanical Engineering | software engineer | Summit Works
<BIOGRAPHY>,Connie Lawrence was born on 10/23/1942. Connie Lawrence grew up in Mapleton. Connie Lawrence studied Computer Science at MIT. Connie Lawrence works as a operations lead at Blue Horizon Labs.,Connie Lawrence,Connie Lawrence | 10/23/1942 | Mapleton | Computer Science | operations lead | Blue Horizon Labs
<BIOGRAPHY>,Sydney Barrett was born on 03/24/1952. Sydney Barrett grew up in Dysart. Sydney Barrett studied Computer Science at Harvard University. Sydney Barrett works as a creative producer at Apex Consulting.,Sydney Barrett,Sydney Barrett | 03/24/1952 | Dysart | Computer Science | creative producer | Apex Consulting
<BIOGRAPHY>,Sawyer Tate was born on 01/13/1945. Sawyer Tate grew up in Greenwood. Sawyer Tate studied Art History at MIT. Sawyer Tate works as a data scientist at Blue Horizon Labs.,Sawyer Tate,Sawyer Tate | 01/13/1945 | Greenwood | Art History | data scientist | Blue Horizon Labs
<BIOGRAPHY>,Avery Patel was born on 01/31/2000. Avery Patel grew up in Oriska. Avery Patel studied Art History at University of Oxford. Avery Patel works as a financial advisor at Cascade Robotics.,Avery Patel,Avery Patel | 01/31/2000 | Oriska | Art History | financial advisor | Cascade Robotics
<BIOGRAPHY>,Logan Avery was born on 03/11/2000. Logan Avery grew up in Fairview. Logan Avery studied Sociology at Princeton University. Logan Avery works as a financial advisor at Evergreen Media.,Logan Avery,Logan Avery | 03/11/2000 | Fairview | Sociology | financial advisor | Evergreen Media
<BIOGRAPHY>,Elliot Mason was born on 01/16/1969. Elliot Mason grew up in Fowler. Elliot Mason studied Mechanical Engineering at Harvard University. Elliot Mason works as a software engineer at Aurora Health.,Elliot Mason,Elliot Mason | 01/16/1969 | Fowler | Mechanical Engineering | software engineer | Aurora Health
<BIOGRAPHY>,Jordan Ellis was born on 02/04/1955. Jordan Ellis grew up in Silverton. Jordan Ellis studied Sociology at MIT. Jordan Ellis works as a operations lead at Aurora Health.,Jordan Ellis,Jordan Ellis | 02/04/1955 | Silverton | Sociology | operations lead | Aurora Health
<BIOGRAPHY>,Dakota Miles was born on 12/19/1944. Dakota Miles grew up in Oriska. Dakota Miles studied Computer Science at Princeton University. Dakota Miles works as a marketing director at Solaris Systems.,Dakota Miles,Dakota Miles | 12/19/1944 | Oriska | Computer Science | marketing director | Solaris Systems
<BIOGRAPHY>,Avery Morgan was born on 08/13/1966. Avery Morgan grew up in Greenwood. Avery Morgan studied Political Science at UC Berkeley. Avery Morgan works as a creative producer at Evergreen Media.,Avery Morgan,Avery Morgan | 08/13/1966 | Greenwood | Political Science | creative producer | Evergreen Media
<BIOGRAPHY>,Jordan Chen was born on 11/03/1987. Jordan Chen grew up in Highland. Jordan Chen studied Biology at UC Berkeley. Jordan Chen works as a financial advisor at Silverline Studios.,Jordan Chen,Jordan Chen | 11/03/1987 | Highland | Biology | financial advisor | Silverline Studios
<BIOGRAPHY>,Cameron Reid was born on 07/19/1957. Cameron Reid grew up in Oriska. Cameron Reid studied Mechanical Engineering at Harvard University. Cameron Reid works as a UX designer at Evergreen Media.,Cameron Reid,Cameron Reid | 07/19/1957 | Oriska | Mechanical Engineering | UX designer | Evergreen Media
<BIOGRAPHY>,Angie Henderson was born on 08/27/1995. Angie Henderson grew up in Silverton. Angie Henderson studied Physics at Stanford University. Angie Henderson works as a creative producer at Silverline Studios.,Angie Henderson,Angie Henderson | 08/27/1995 | Silverton | Physics | creative producer | Silverline Studios
<BIOGRAPHY>,Payton Sloan was born on 02/09/1992. Payton Sloan grew up in Highland. Payton Sloan studied Art History at UC Berkeley. Payton Sloan works as a software engineer at Blue Horizon Labs.,Payton Sloan,Payton Sloan | 02/09/1992 | Highland | Art History | software engineer | Blue Horizon Labs
<BIOGRAPHY>,Rowan Blake was born on 12/01/1942. Rowan Blake grew up in Northbridge. Rowan Blake studied Philosophy at Columbia University. Rowan Blake works as a biomedical engineer at Lighthouse Partners.,Rowan Blake,Rowan Blake | 12/01/1942 | Northbridge | Philosophy | biomedical engineer | Lighthouse Partners
<BIOGRAPHY>,Taylor Brooks was born on 09/01/1948. Taylor Brooks grew up in Hillcrest. Taylor Brooks studied Economics at Harvard University. Taylor Brooks works as a biomedical engineer at Evergreen Media.,Taylor Brooks,Taylor Brooks | 09/01/1948 | Hillcrest | Economics | biomedical engineer | Evergreen Media
<BIOGRAPHY>,Taylor Gupta was born on 02/24/1989. Taylor Gupta grew up in Hueytown. Taylor Gupta studied Philosophy at Yale University. Taylor Gupta works as a financial advisor at Vertex Dynamics.,Taylor Gupta,Taylor Gupta | 02/24/1989 | Hueytown | Philosophy | financial advisor | Vertex Dynamics
<BIOGRAPHY>,Riley Bennett was born on 08/28/1966. Riley Bennett grew up in Greenwood. Riley Bennett studied Philosophy at UC Berkeley. Riley Bennett works as a data scientist at Brightwave Analytics.,Riley Bennett,Riley Bennett | 08/28/1966 | Greenwood | Philosophy | data scientist | Brightwave Analytics
<BIOGRAPHY>,Emerson Clarke was born on 04/07/1983. Emerson Clarke grew up in Fowler. Emerson Clarke studied Biology at Stanford University. Emerson Clarke works as a biomedical engineer at Brightwave Analytics.,Emerson Clarke,Emerson Clarke | 04/07/1983 | Fowler | Biology | biomedical engineer | Brightwave Analytics
<BIOGRAPHY>,Cristian Santos was born on 03/14/1967. Cristian Santos grew up in Oriska. Cristian Santos studied Computer Science at Harvard University. Cristian Santos works as a marketing director at Brightwave Analytics.,Cristian Santos,Cristian Santos | 03/14/1967 | Oriska | Computer Science | marketing director | Brightwave Analytics
<BIOGRAPHY>,Skyler Cruz was born on 05/12/1958. Skyler Cruz grew up in Hueytown. Skyler Cruz studied Computer Science at UC Berkeley. Skyler Cruz works as a financial advisor at Aurora Health.,Skyler Cruz,Skyler Cruz | 05/12/1958 | Hueytown | Computer Science | financial advisor | Aurora Health
<BIOGRAPHY>,Morgan Hayes was born on 12/25/1962. Morgan Hayes grew up in Grandview. Morgan Hayes studied Economics at Harvard University. Morgan Hayes works as a financial advisor at Evergreen Media.,Morgan Hayes,Morgan Hayes | 12/25/1962 | Grandview | Economics | financial advisor | Evergreen Media
<BIOGRAPHY>,Harper Lane was born on 04/15/1942. Harper Lane grew up in Fairview. Harper Lane studied Physics at MIT. Harper Lane works as a product manager at Lighthouse Partners.,Harper Lane,Harper Lane | 04/15/1942 | Fairview | Physics | product manager | Lighthouse Partners
<BIOGRAPHY>,Quinn Ramsey was born on 09/20/1997. Quinn Ramsey grew up in Grandview. Quinn Ramsey studied Mechanical Engineering at University of Oxford. Quinn Ramsey works as a product manager at Brightwave Analytics.,Quinn Ramsey,Quinn Ramsey | 09/20/1997 | Grandview | Mechanical Engineering | product manager | Brightwave Analytics
<BIOGRAPHY>,Spencer Vega was born on 09/22/1978. Spencer Vega grew up in Highland. Spencer Vega studied Art History at MIT. Spencer Vega works as a research analyst at Summit Works.,Spencer Vega,Spencer Vega | 09/22/1978 | Highland | Art History | research analyst | Summit Works
<BIOGRAPHY>,Reese Nolan was born on 04/06/1981. Reese Nolan grew up in Hueytown. Reese Nolan studied Mathematics at Columbia University. Reese Nolan works as a policy strategist at Brightwave Analytics.,Reese Nolan,Reese Nolan | 04/06/1981 | Hueytown | Mathematics | policy strategist | Brightwave Analytics
<BIOGRAPHY>,Emerson Alvarez was born on 06/23/1986. Emerson Alvarez grew up in Hillcrest. Emerson Alvarez studied Political Science at University of Oxford. Emerson Alvarez works as a data scientist at Apex Consulting.,Emerson Alvarez,Emerson Alvarez | 06/23/1986 | Hillcrest | Political Science | data scientist | Apex Consulting
<BIOGRAPHY>,Riley Singh was born on 07/07/2002. Riley Singh grew up in Fowler. Riley Singh studied Mathematics at University of Oxford. Riley Singh works as a UX designer at Apex Consulting.,Riley Singh,Riley Singh | 07/07/2002 | Fowler | Mathematics | UX designer | Apex Consulting
<BIOGRAPHY>,Noah Rhodes was born on 07/21/1962. Noah Rhodes grew up in Riverside. Noah Rhodes studied Computer Science at UC Berkeley. Noah Rhodes works as a software engineer at Aurora Health.,Noah Rhodes,Noah Rhodes | 07/21/1962 | Riverside | Computer Science | software engineer | Aurora Health
<BIOGRAPHY>,Daniel Wagner was born on 10/23/1980. Daniel Wagner grew up in Northbridge. Daniel Wagner studied Biology at University of Oxford. Daniel Wagner works as a creative producer at Evergreen Media.,Daniel Wagner,Daniel Wagner | 10/23/1980 | Northbridge | Biology | creative producer | Evergreen Media
<BIOGRAPHY>,Parker Quinn was born on 01/10/1956. Parker Quinn grew up in Northbridge. Parker Quinn studied Philosophy at Harvard University. Parker Quinn works as a marketing director at Brightwave Analytics.,Parker Quinn,Parker Quinn | 01/10/1956 | Northbridge | Philosophy | marketing director | Brightwave Analytics
<BIOGRAPHY>,Connie Lawrence was born on 08/03/1982. Connie Lawrence grew up in Hueytown. Connie Lawrence studied Art History at UC Berkeley. Connie Lawrence works as a financial advisor at Solaris Systems.,Connie Lawrence,Connie Lawrence | 08/03/1982 | Hueytown | Art History | financial advisor | Solaris Systems
<BIOGRAPHY>,Sydney Barrett was born on 09/27/2002. Sydney Barrett grew up in Kingston. Sydney Barrett studied Computer Science at UC Berkeley. Sydney Barrett works as a software engineer at Brightwave Analytics.,Sydney Barrett,Sydney Barrett | 09/27/2002 | Kingston | Computer Science | software engineer | Brightwave Analytics
<BIOGRAPHY>,Sawyer Tate was born on 06/11/1960. Sawyer Tate grew up in Oriska. Sawyer Tate studied Computer Science at UC Berkeley. Sawyer Tate works as a software engineer at Solaris Systems.,Sawyer Tate,Sawyer Tate | 06/11/1960 | Oriska | Computer Science | software engineer | Solaris Systems
<BIOGRAPHY>,Avery Patel was born on 12/25/2001. Avery Patel grew up in Fairview. Avery Patel studied Computer Science at Columbia University. Avery Patel works as a software engineer at Blue Horizon Labs.,Avery Patel,Avery Patel | 12/25/2001 | Fairview | Computer Science | software engineer | Blue Horizon Labs
<BIOGRAPHY>,Logan Avery was born on 02/08/1943. Logan Avery grew up in Oakridge. Logan Avery studied Art History at Harvard University. Logan Avery works as a product manager at Cascade Robotics.,Logan Avery,Logan Avery | 02/08/1943 | Oakridge | Art History | product manager | Cascade Robotics
<BIOGRAPHY>,Elliot Mason was born on 10/20/1940. Elliot Mason grew up in Grandview. Elliot Mason studied Political Science at Columbia University. Elliot Mason works as a policy strategist at Cascade Robotics.,Elliot Mason,Elliot Mason | 10/20/1940 | Grandview | Political Science | policy strategist | Cascade Robotics
<BIOGRAPHY>,Jordan Ellis was born on 04/03/1952. Jordan Ellis grew up in Mapleton. Jordan Ellis studied Sociology at Harvard University. Jordan Ellis works as a creative producer at Evergreen Media.,Jordan Ellis,Jordan Ellis | 04/03/1952 | Mapleton | Sociology | creative producer | Evergreen Media
<BIOGRAPHY>,Dakota Miles was born on 09/29/1958. Dakota Miles grew up in Cedar Grove. Dakota Miles studied Art History at Stanford University. Dakota Miles works as a marketing director at Vertex Dynamics.,Dakota Miles,Dakota Miles | 09/29/1958 | Cedar Grove | Art History | marketing director | Vertex Dynamics
<BIOGRAPHY>,Avery Morgan was born on 11/18/1995. Avery Morgan grew up in Fairview. Avery Morgan studied Philosophy at Yale University. Avery Morgan works as a software engineer at Solaris Systems.,Avery Morgan,Avery Morgan | 11/18/1995 | Fairview | Philosophy | software engineer | Solaris Systems
<BIOGRAPHY>,Jordan Chen was born on 10/06/1959. Jordan Chen grew up in Grandview. Jordan Chen studied Art History at Harvard University. Jordan Chen works as a software engineer at Solaris Systems.,Jordan Chen,Jordan Chen | 10/06/1959 | Grandview | Art History | software engineer | Solaris Systems
<BIOGRAPHY>,Cameron Reid was born on 09/15/1979. Cameron Reid grew up in Grandview. Cameron Reid studied Mechanical Engineering at Princeton University. Cameron Reid works as a UX designer at Brightwave Analytics.,Cameron Reid,Cameron Reid | 09/15/1979 | Grandview | Mechanical Engineering | UX designer | Brightwave Analytics
<BIOGRAPHY>,Angie Henderson was born on 08/16/1946. Angie Henderson grew up in Northbridge. Angie Henderson studied Philosophy at University of Oxford. Angie Henderson works as a research analyst at Blue Horizon Labs.,Angie Henderson,Angie Henderson | 08/16/1946 | Northbridge | Philosophy | research analyst | Blue Horizon Labs
<BIOGRAPHY>,Payton Sloan was born on 09/07/1955. Payton Sloan grew up in Cedar Grove. Payton Sloan studied Mechanical Engineering at Harvard University. Payton Sloan works as a software engineer at Evergreen Media.,Payton Sloan,Payton Sloan | 09/07/1955 | Cedar Grove | Mechanical Engineering | software engineer | Evergreen Media
<BIOGRAPHY>,Rowan Blake was born on 09/06/1959. Rowan Blake grew up in Fowler. Rowan Blake studied Biology at MIT. Rowan Blake works as a creative producer at Aurora Health.,Rowan Blake,Rowan Blake | 09/06/1959 | Fowler | Biology | creative producer | Aurora Health
<BIOGRAPHY>,Taylor Brooks was born on 07/01/1961. Taylor Brooks grew up in Riverside. Taylor Brooks studied Economics at Harvard University. Taylor Brooks works as a systems architect at Summit Works.,Taylor Brooks,Taylor Brooks | 07/01/1961 | Riverside | Economics | systems architect | Summit Works
<BIOGRAPHY>,Taylor Gupta was born on 07/03/1970. Taylor Gupta grew up in Northbridge. Taylor Gupta studied Mathematics at University of Oxford. Taylor Gupta works as a UX designer at Evergreen Media.,Taylor Gupta,Taylor Gupta | 07/03/1970 | Northbridge | Mathematics | UX designer | Evergreen Media
<BIOGRAPHY>,Riley Bennett was born on 10/03/1972. Riley Bennett grew up in Oriska. Riley Bennett studied Political Science at Columbia University. Riley Bennett works as a financial advisor at Cascade Robotics.,Riley Bennett,Riley Bennett | 10/03/1972 | Oriska | Political Science | financial advisor | Cascade Robotics
<BIOGRAPHY>,Emerson Clarke was born on 03/22/1979. Emerson Clarke grew up in Grandview. Emerson Clarke studied Computer Science at University of Oxford. Emerson Clarke works as a UX designer at Silverline Studios.,Emerson Clarke,Emerson Clarke | 03/22/1979 | Grandview | Computer Science | UX designer | Silverline Studios
<BIOGRAPHY>,Cristian Santos was born on 11/24/1982. Cristian Santos grew up in Summit. Cristian Santos studied Philosophy at Stanford University. Cristian Santos works as a financial advisor at Brightwave Analytics.,Cristian Santos,Cristian Santos | 11/24/1982 | Summit | Philosophy | financial advisor | Brightwave Analytics
<BIOGRAPHY>,Skyler Cruz was born on 12/11/1991. Skyler Cruz grew up in Kingston. Skyler Cruz studied Economics at Harvard University. Skyler Cruz works as a systems architect at Northwind Ventures.,Skyler Cruz,Skyler Cruz | 12/11/1991 | Kingston | Economics | systems architect | Northwind Ventures
<BIOGRAPHY>,Morgan Hayes was born on 11/08/1968. Morgan Hayes grew up in Summit. Morgan Hayes studied Mechanical Engineering at Stanford University. Morgan Hayes works as a software engineer at Summit Works.,Morgan Hayes,Morgan Hayes | 11/08/1968 | Summit | Mechanical Engineering | software engineer | Summit Works
<BIOGRAPHY>,Harper Lane was born on 04/10/2000. Harper Lane grew up in Westhaven. Harper Lane studied Philosophy at Yale University. Harper Lane works as a UX designer at Brightwave Analytics.,Harper Lane,Harper Lane | 04/10/2000 | Westhaven | Philosophy | UX designer | Brightwave Analytics
<BIOGRAPHY>,Quinn Ramsey was born on 04/24/1985. Quinn Ramsey grew up in Grandview. Quinn Ramsey studied Mathematics at Princeton University. Quinn Ramsey works as a data scientist at Northwind Ventures.,Quinn Ramsey,Quinn Ramsey | 04/24/1985 | Grandview | Mathematics | data scientist | Northwind Ventures
<BIOGRAPHY>,Spencer Vega was born on 01/28/1998. Spencer Vega grew up in Westhaven. Spencer Vega studied Economics at Harvard University. Spencer Vega works as a operations lead at Lighthouse Partners.,Spencer Vega,Spencer Vega | 01/28/1998 | Westhaven | Economics | operations lead | Lighthouse Partners
<BIOGRAPHY>,Reese Nolan was born on 02/01/1984. Reese Nolan grew up in Oakridge. Reese Nolan studied Economics at MIT. Reese Nolan works as a creative producer at Northwind Ventures.,Reese Nolan,Reese Nolan | 02/01/1984 | Oakridge | Economics | creative producer | Northwind Ventures
<BIOGRAPHY>,Emerson Alvarez was born on 04/13/1973. Emerson Alvarez grew up in Dysart. Emerson Alvarez studied Mechanical Engineering at MIT. Emerson Alvarez works as a data scientist at Brightwave Analytics.,Emerson Alvarez,Emerson Alvarez | 04/13/1973 | Dysart | Mechanical Engineering | data scientist | Brightwave Analytics
<BIOGRAPHY>,Riley Singh was born on 11/15/1949. Riley Singh grew up in Mapleton. Riley Singh studied Sociology at Yale University. Riley Singh works as a marketing director at Vertex Dynamics.,Riley Singh,Riley Singh | 11/15/1949 | Mapleton | Sociology | marketing director | Vertex Dynamics
<BIOGRAPHY>,Noah Rhodes was born on 11/28/1972. Noah Rhodes grew up in Westhaven. Noah Rhodes studied Economics at Columbia University. Noah Rhodes works as a financial advisor at Summit Works.,Noah Rhodes,Noah Rhodes | 11/28/1972 | Westhaven | Economics | financial advisor | Summit Works
<BIOGRAPHY>,Daniel Wagner was born on 01/13/1950. Daniel Wagner grew up in Greenwood. Daniel Wagner studied Computer Science at UC Berkeley. Daniel Wagner works as a marketing director at Blue Horizon Labs.,Daniel Wagner,Daniel Wagner | 01/13/1950 | Greenwood | Computer Science | marketing director | Blue Horizon Labs
<BIOGRAPHY>,Parker Quinn was born on 04/25/1986. Parker Quinn grew up in Riverside. Parker Quinn studied Mechanical Engineering at Princeton University. Parker Quinn works as a creative producer at Evergreen Media.,Parker Quinn,Parker Quinn | 04/25/1986 | Riverside | Mechanical Engineering | creative producer | Evergreen Media
<BIOGRAPHY>,Connie Lawrence was born on 09/04/1957. Connie Lawrence grew up in Silverton. Connie Lawrence studied Sociology at Harvard University. Connie Lawrence works as a creative producer at Brightwave Analytics.,Connie Lawrence,Connie Lawrence | 09/04/1957 | Silverton | Sociology | creative producer | Brightwave Analytics
<BIOGRAPHY>,Sydney Barrett was born on 09/23/1994. Sydney Barrett grew up in Greenwood. Sydney Barrett studied Computer Science at Harvard University. Sydney Barrett works as a product manager at Solaris Systems.,Sydney Barrett,Sydney Barrett | 09/23/1994 | Greenwood | Computer Science | product manager | Solaris Systems
<BIOGRAPHY>,Sawyer Tate was born on 09/08/1991. Sawyer Tate grew up in Silverton. Sawyer Tate studied Political Science at UC Berkeley. Sawyer Tate works as a UX designer at Blue Horizon Labs.,Sawyer Tate,Sawyer Tate | 09/08/1991 | Silverton | Political Science | UX designer | Blue Horizon Labs
<BIOGRAPHY>,Avery Patel was born on 09/13/1955. Avery Patel grew up in Dysart. Avery Patel studied Mathematics at University of Oxford. Avery Patel works as a software engineer at Silverline Studios.,Avery Patel,Avery Patel | 09/13/1955 | Dysart | Mathematics | software engineer | Silverline Studios
<BIOGRAPHY>,Logan Avery was born on 08/30/1940. Logan Avery grew up in Summit. Logan Avery studied Philosophy at MIT. Logan Avery works as a product manager at Solaris Systems.,Logan Avery,Logan Avery | 08/30/1940 | Summit | Philosophy | product manager | Solaris Systems
<BIOGRAPHY>,Elliot Mason was born on 12/30/1942. Elliot Mason grew up in Silverton. Elliot Mason studied Economics at MIT. Elliot Mason works as a policy strategist at Aurora Health.,Elliot Mason,Elliot Mason | 12/30/1942 | Silverton | Economics | policy strategist | Aurora Health
<BIOGRAPHY>,Jordan Ellis was born on 02/01/1990. Jordan Ellis grew up in Hillcrest. Jordan Ellis studied Philosophy at Princeton University. Jordan Ellis works as a product manager at Lighthouse Partners.,Jordan Ellis,Jordan Ellis | 02/01/1990 | Hillcrest | Philosophy | product manager | Lighthouse Partners
<BIOGRAPHY>,Dakota Miles was born on 12/21/1940. Dakota Miles grew up in Hillcrest. Dakota Miles studied Art History at Harvard University. Dakota Miles works as a UX designer at Lighthouse Partners.,Dakota Miles,Dakota Miles | 12/21/1940 | Hillcrest | Art History | UX designer | Lighthouse Partners
<BIOGRAPHY>,Avery Morgan was born on 08/11/1954. Avery Morgan grew up in Riverside. Avery Morgan studied Computer Science at Columbia University. Avery Morgan works as a creative producer at Blue Horizon Labs.,Avery Morgan,Avery Morgan | 08/11/1954 | Riverside | Computer Science | creative producer | Blue Horizon Labs
<BIOGRAPHY>,Jordan Chen was born on 11/06/1983. Jordan Chen grew up in Northbridge. Jordan Chen studied Physics at MIT. Jordan Chen works as a systems architect at Northwind Ventures.,Jordan Chen,Jordan Chen | 11/06/1983 | Northbridge | Physics | systems architect | Northwind Ventures
<BIOGRAPHY>,Cameron Reid was born on 06/23/1948. Cameron Reid grew up in Oakridge. Cameron Reid studied Biology at Stanford University. Cameron Reid works as a financial advisor at Aurora Health.,Cameron Reid,Cameron Reid | 06/23/1948 | Oakridge | Biology | financial advisor | Aurora Health
<BIOGRAPHY>,Angie Henderson was born on 10/20/2002. Angie Henderson grew up in Summit. Angie Henderson studied Philosophy at University of Oxford. Angie Henderson works as a biomedical engineer at Northwind Ventures.,Angie Henderson,Angie Henderson | 10/20/2002 | Summit | Philosophy | biomedical engineer | Northwind Ventures
<BIOGRAPHY>,Payton Sloan was born on 12/11/1945. Payton Sloan grew up in Hueytown. Payton Sloan studied Physics at Yale University. Payton Sloan works as a creative producer at Aurora Health.,Payton Sloan,Payton Sloan | 12/11/1945 | Hueytown | Physics | creative producer | Aurora Health
<BIOGRAPHY>,Rowan Blake was born on 02/19/1996. Rowan Blake grew up in Hueytown. Rowan Blake studied Biology at MIT. Rowan Blake works as a systems architect at Aurora Health.,Rowan Blake,Rowan Blake | 02/19/1996 | Hueytown | Biology | systems architect | Aurora Health
<BIOGRAPHY>,Taylor Brooks was born on 09/15/1952. Taylor Brooks grew up in Greenwood. Taylor Brooks studied Mechanical Engineering at UC Berkeley. Taylor Brooks works as a product manager at Solaris Systems.,Taylor Brooks,Taylor Brooks | 09/15/1952 | Greenwood | Mechanical Engineering | product manager | Solaris Systems
<BIOGRAPHY>,Taylor Gupta was born on 07/23/1992. Taylor Gupta grew up in Dysart. Taylor Gupta studied Mechanical Engineering at Yale University. Taylor Gupta works as a operations lead at Aurora Health.,Taylor Gupta,Taylor Gupta | 07/23/1992 | Dysart | Mechanical Engineering | operations lead | Aurora Health
<BIOGRAPHY>,Riley Bennett was born on 12/28/1974. Riley Bennett grew up in Greenwood. Riley Bennett studied Mechanical Engineering at UC Berkeley. Riley Bennett works as a UX designer at Cascade Robotics.,Riley Bennett,Riley Bennett | 12/28/1974 | Greenwood | Mechanical Engineering | UX designer | Cascade Robotics
<BIOGRAPHY>,Emerson Clarke was born on 03/22/1953. Emerson Clarke grew up in Fairview. Emerson Clarke studied Sociology at UC Berkeley. Emerson Clarke works as a creative producer at Lighthouse Partners.,Emerson Clarke,Emerson Clarke | 03/22/1953 | Fairview | Sociology | creative producer | Lighthouse Partners
<BIOGRAPHY>,Cristian Santos was born on 09/18/1962. Cristian Santos grew up in Cedar Grove. Cristian Santos studied Economics at University of Oxford. Cristian Santos works as a product manager at Summit Works.,Cristian Santos,Cristian Santos | 09/18/1962 | Cedar Grove | Economics | product manager | Summit Works
<BIOGRAPHY>,Skyler Cruz was born on 02/22/1991. Skyler Cruz grew up in Fairview. Skyler Cruz studied Sociology at MIT. Skyler Cruz works as a creative producer at Northwind Ventures.,Skyler Cruz,Skyler Cruz | 02/22/1991 | Fairview | Sociology | creative producer | Northwind Ventures
<BIOGRAPHY>,Morgan Hayes was born on 09/07/1961. Morgan Hayes grew up in Riverside. Morgan Hayes studied Mathematics at Princeton University. Morgan Hayes works as a biomedical engineer at Silverline Studios.,Morgan Hayes,Morgan Hayes | 09/07/1961 | Riverside | Mathematics | biomedical engineer | Silverline Studios
<BIOGRAPHY>,Harper Lane was born on 02/16/1976. Harper Lane grew up in Cedar Grove. Harper Lane studied Philosophy at Princeton University. Harper Lane works as a software engineer at Solaris Systems.,Harper Lane,Harper Lane | 02/16/1976 | Cedar Grove | Philosophy | software engineer | Solaris Systems
<BIOGRAPHY>,Quinn Ramsey was born on 06/23/1945. Quinn Ramsey grew up in Westhaven. Quinn Ramsey studied Mathematics at Harvard University. Quinn Ramsey works as a marketing director at Silverline Studios.,Quinn Ramsey,Quinn Ramsey | 06/23/1945 | Westhaven | Mathematics | marketing director | Silverline Studios
<BIOGRAPHY>,Spencer Vega was born on 02/01/1965. Spencer Vega grew up in Fowler. Spencer Vega studied Physics at Yale University. Spencer Vega works as a financial advisor at Aurora Health.,Spencer Vega,Spencer Vega | 02/01/1965 | Fowler | Physics | financial advisor | Aurora Health
<BIOGRAPHY>,Reese Nolan was born on 03/03/1984. Reese Nolan grew up in Brookfield. Reese Nolan studied Mathematics at Princeton University. Reese Nolan works as a software engineer at Aurora Health.,Reese Nolan,Reese Nolan | 03/03/1984 | Brookfield | Mathematics | software engineer | Aurora Health
<BIOGRAPHY>,Emerson Alvarez was born on 07/13/1983. Emerson Alvarez grew up in Lakeside. Emerson Alvarez studied Physics at UC Berkeley. Emerson Alvarez works as a systems architect at Solaris Systems.,Emerson Alvarez,Emerson Alvarez | 07/13/1983 | Lakeside | Physics | systems architect | Solaris Systems
<BIOGRAPHY>,Riley Singh was born on 07/27/2001. Riley Singh grew up in Fairview. Riley Singh studied Mechanical Engineering at Harvard University. Riley Singh works as a UX designer at Aurora Health.,Riley Singh,Riley Singh | 07/27/2001 | Fairview | Mechanical Engineering | UX designer | Aurora Health
<BIOGRAPHY>,Noah Rhodes was born on 01/13/1977. Noah Rhodes grew up in Lakeside. Noah Rhodes studied Sociology at Columbia University. Noah Rhodes works as a creative producer at Apex Consulting.,Noah Rhodes,Noah Rhodes | 01/13/1977 | Lakeside | Sociology | creative producer | Apex Consulting
<BIOGRAPHY>,Daniel Wagner was born on 07/03/2001. Daniel Wagner grew up in Silverton. Daniel Wagner studied Mechanical Engineering at University of Oxford. Daniel Wagner works as a UX designer at Apex Consulting.,Daniel Wagner,Daniel Wagner | 07/03/2001 | Silverton | Mechanical Engineering | UX designer | Apex Consulting
<BIOGRAPHY>,Parker Quinn was born on 07/11/1995. Parker Quinn grew up in Brookfield. Parker Quinn studied Computer Science at Stanford University. Parker Quinn works as a research analyst at Summit Works.,Parker Quinn,Parker Quinn | 07/11/1995 | Brookfield | Computer Science | research analyst | Summit Works
<BIOGRAPHY>,Connie Lawrence was born on 08/28/1941. Connie Lawrence grew up in Cedar Grove. Connie Lawrence studied Mechanical Engineering at Stanford University. Connie Lawrence works as a UX designer at Solaris Systems.,Connie Lawrence,Connie Lawrence | 08/28/1941 | Cedar Grove | Mechanical Engineering | UX designer | Solaris Systems
<BIOGRAPHY>,Sydney Barrett was born on 01/11/1981. Sydney Barrett grew up in Grandview. Sydney Barrett studied Sociology at Yale University. Sydney Barrett works as a product manager at Apex Consulting.,Sydney Barrett,Sydney Barrett | 01/11/1981 | Grandview | Sociology | product manager | Apex Consulting
<BIOGRAPHY>,Sawyer Tate was born on 09/16/1983. Sawyer Tate grew up in Westhaven. Sawyer Tate studied Sociology at Columbia University. Sawyer Tate works as a product manager at Brightwave Analytics.,Sawyer Tate,Sawyer Tate | 09/16/1983 | Westhaven | Sociology | product manager | Brightwave Analytics
<BIOGRAPHY>,Avery Patel was born on 10/01/1981. Avery Patel grew up in Fowler. Avery Patel studied Biology at University of Oxford. Avery Patel works as a biomedical engineer at Summit Works.,Avery Patel,Avery Patel | 10/01/1981 | Fowler | Biology | biomedical engineer | Summit Works
<BIOGRAPHY>,Logan Avery was born on 02/26/1960. Logan Avery grew up in Northbridge. Logan Avery studied Sociology at UC Berkeley. Logan Avery works as a operations lead at Evergreen Media.,Logan Avery,Logan Avery | 02/26/1960 | Northbridge | Sociology | operations lead | Evergreen Media
<BIOGRAPHY>,Elliot Mason was born on 01/25/1948. Elliot Mason grew up in Cedar Grove. Elliot Mason studied Philosophy at Columbia University. Elliot Mason works as a financial advisor at Silverline Studios.,Elliot Mason,Elliot Mason | 01/25/1948 | Cedar Grove | Philosophy | financial advisor | Silverline Studios
<BIOGRAPHY>,Jordan Ellis was born on 08/26/1996. Jordan Ellis grew up in Fairview. Jordan Ellis studied Political Science at University of Oxford. Jordan Ellis works as a creative producer at Aurora Health.,Jordan Ellis,Jordan Ellis | 08/26/1996 | Fairview | Political Science | creative producer | Aurora Health
<BIOGRAPHY>,Dakota Miles was born on 03/27/1979. Dakota Miles grew up in Fairview. Dakota Miles studied Philosophy at Harvard University. Dakota Miles works as a operations lead at Lighthouse Partners.,Dakota Miles,Dakota Miles | 03/27/1979 | Fairview | Philosophy | operations lead | Lighthouse Partners
<BIOGRAPHY>,Avery Morgan was born on 06/21/1952. Avery Morgan grew up in Lakeside. Avery Morgan studied Philosophy at Harvard University. Avery Morgan works as a operations lead at Apex Consulting.,Avery Morgan,Avery Morgan | 06/21/1952 | Lakeside | Philosophy | operations lead | Apex Consulting
<BIOGRAPHY>,Jordan Chen was born on 05/10/1998. Jordan Chen grew up in Kingston. Jordan Chen studied Biology at Stanford University. Jordan Chen works as a creative producer at Cascade Robotics.,Jordan Chen,Jordan Chen | 05/10/1998 | Kingston | Biology | creative producer | Cascade Robotics
<BIOGRAPHY>,Cameron Reid was born on 05/07/1984. Cameron Reid grew up in Oriska. Cameron Reid studied Biology at Harvard University. Cameron Reid works as a financial advisor at Aurora Health.,Cameron Reid,Cameron Reid | 05/07/1984 | Oriska | Biology | financial advisor | Aurora Health
<BIOGRAPHY>,Angie Henderson was born on 10/28/1993. Angie Henderson grew up in Silverton. Angie Henderson studied Mathematics at Harvard University. Angie Henderson works as a UX designer at Solaris Systems.,Angie Henderson,Angie Henderson | 10/28/1993 | Silverton | Mathematics | UX designer | Solaris Systems
<BIOGRAPHY>,Payton Sloan was born on 11/18/1973. Payton Sloan grew up in Riverside. Payton Sloan studied Physics at Columbia University. Payton Sloan works as a software engineer at Silverline Studios.,Payton Sloan,Payton Sloan | 11/18/1973 | Riverside | Physics | software engineer | Silverline Studios
<BIOGRAPHY>,Rowan Blake was born on 09/27/1951. Rowan Blake grew up in Cedar Grove. Rowan Blake studied Physics at Princeton University. Rowan Blake works as a financial advisor at Blue Horizon Labs.,Rowan Blake,Rowan Blake | 09/27/1951 | Cedar Grove | Physics | financial advisor | Blue Horizon Labs
<BIOGRAPHY>,Taylor Brooks was born on 07/30/1949. Taylor Brooks grew up in Oriska. Taylor Brooks studied Physics at Harvard University. Taylor Brooks works as a software engineer at Apex Consulting.,Taylor Brooks,Taylor Brooks | 07/30/1949 | Oriska | Physics | software engineer | Apex Consulting
<BIOGRAPHY>,Taylor Gupta was born on 09/16/1959. Taylor Gupta grew up in Westhaven. Taylor Gupta studied Political Science at UC Berkeley. Taylor Gupta works as a data scientist at Aurora Health.,Taylor Gupta,Taylor Gupta | 09/16/1959 | Westhaven | Political Science | data scientist | Aurora Health
<BIOGRAPHY>,Riley Bennett was born on 03/14/1961. Riley Bennett grew up in Oriska. Riley Bennett studied Art History at MIT. Riley Bennett works as a financial advisor at Solaris Systems.,Riley Bennett,Riley Bennett | 03/14/1961 | Oriska | Art History | financial advisor | Solaris Systems
<BIOGRAPHY>,Emerson Clarke was born on 11/29/1978. Emerson Clarke grew up in Brookfield. Emerson Clarke studied Philosophy at UC Berkeley. Emerson Clarke works as a systems architect at Cascade Robotics.,Emerson Clarke,Emerson Clarke | 11/29/1978 | Brookfield | Philosophy | systems architect | Cascade Robotics
<BIOGRAPHY>,Cristian Santos was born on 01/16/1997. Cristian Santos grew up in Summit. Cristian Santos studied Political Science at MIT. Cristian Santos works as a operations lead at Silverline Studios.,Cristian Santos,Cristian Santos | 01/16/1997 | Summit | Political Science | operations lead | Silverline Studios
<BIOGRAPHY>,Skyler Cruz was born on 07/09/1954. Skyler Cruz grew up in Summit. Skyler Cruz studied Computer Science at Harvard University. Skyler Cruz works as a operations lead at Blue Horizon Labs.,Skyler Cruz,Skyler Cruz | 07/09/1954 | Summit | Computer Science | operations lead | Blue Horizon Labs
<BIOGRAPHY>,Morgan Hayes was born on 12/01/1977. Morgan Hayes grew up in Oakridge. Morgan Hayes studied Economics at University of Oxford. Morgan Hayes works as a data scientist at Lighthouse Partners.,Morgan Hayes,Morgan Hayes | 12/01/1977 | Oakridge | Economics | data scientist | Lighthouse Partners
<BIOGRAPHY>,Harper Lane was born on 12/25/1968. Harper Lane grew up in Oriska. Harper Lane studied Philosophy at Stanford University. Harper Lane works as a policy strategist at Lighthouse Partners.,Harper Lane,Harper Lane | 12/25/1968 | Oriska | Philosophy | policy strategist | Lighthouse Partners
<BIOGRAPHY>,Quinn Ramsey was born on 03/13/1943. Quinn Ramsey grew up in Mapleton. Quinn Ramsey studied Biology at MIT. Quinn Ramsey works as a policy strategist at Solaris Systems.,Quinn Ramsey,Quinn Ramsey | 03/13/1943 | Mapleton | Biology | policy strategist | Solaris Systems
<BIOGRAPHY>,Spencer Vega was born on 11/01/1966. Spencer Vega grew up in Brookfield. Spencer Vega studied Mathematics at MIT. Spencer Vega works as a policy strategist at Silverline Studios.,Spencer Vega,Spencer Vega | 11/01/1966 | Brookfield | Mathematics | policy strategist | Silverline Studios
<BIOGRAPHY>,Reese Nolan was born on 06/22/2002. Reese Nolan grew up in Highland. Reese Nolan studied Philosophy at UC Berkeley. Reese Nolan works as a financial advisor at Silverline Studios.,Reese Nolan,Reese Nolan | 06/22/2002 | Highland | Philosophy | financial advisor | Silverline Studios
<BIOGRAPHY>,Emerson Alvarez was born on 10/30/2000. Emerson Alvarez grew up in Brookfield. Emerson Alvarez studied Computer Science at Yale University. Emerson Alvarez works as a systems architect at Blue Horizon Labs.,Emerson Alvarez,Emerson Alvarez | 10/30/2000 | Brookfield | Computer Science | systems architect | Blue Horizon Labs
<BIOGRAPHY>,Riley Singh was born on 11/30/1971. Riley Singh grew up in Cedar Grove. Riley Singh studied Sociology at University of Oxford. Riley Singh works as a biomedical engineer at Silverline Studios.,Riley Singh,Riley Singh | 11/30/1971 | Cedar Grove | Sociology | biomedical engineer | Silverline Studios
<BIOGRAPHY>,Noah Rhodes was born on 11/14/1996. Noah Rhodes grew up in Northbridge. Noah Rhodes studied Biology at Yale University. Noah Rhodes works as a data scientist at Lighthouse Partners.,Noah Rhodes,Noah Rhodes | 11/14/1996 | Northbridge | Biology | data scientist | Lighthouse Partners
<BIOGRAPHY>,Daniel Wagner was born on 11/29/1965. Daniel Wagner grew up in Fairview. Daniel Wagner studied Philosophy at MIT. Daniel Wagner works as a financial advisor at Silverline Studios.,Daniel Wagner,Daniel Wagner | 11/29/1965 | Fairview | Philosophy | financial advisor | Silverline Studios
<BIOGRAPHY>,Parker Quinn was born on 01/16/1947. Parker Quinn grew up in Cedar Grove. Parker Quinn studied Mathematics at Princeton University. Parker Quinn works as a operations lead at Northwind Ventures.,Parker Quinn,Parker Quinn | 01/16/1947 | Cedar Grove | Mathematics | operations lead | Northwind Ventures
<BIOGRAPHY>,Connie Lawrence was born on 05/20/1977. Connie Lawrence grew up in Northbridge. Connie Lawrence studied Mathematics at University of Oxford. Connie Lawrence works as a biomedical engineer at Vertex Dynamics.,Connie Lawrence,Connie Lawrence | 05/20/1977 | Northbridge | Mathematics | biomedical engineer | Vertex Dynamics
<BIOGRAPHY>,Sydney Barrett was born on 03/15/1940. Sydney Barrett grew up in Fowler. Sydney Barrett studied Mathematics at Princeton University. Sydney Barrett works as a software engineer at Brightwave Analytics.,Sydney Barrett,Sydney Barrett | 03/15/1940 | Fowler | Mathematics | software engineer | Brightwave Analytics
<BIOGRAPHY>,Sawyer Tate was born on 02/25/1985. Sawyer Tate grew up in Highland. Sawyer Tate studied Art History at Yale University. Sawyer Tate works as a financial advisor at Cascade Robotics.,Sawyer Tate,Sawyer Tate | 02/25/1985 | Highland | Art History | financial advisor | Cascade Robotics
<BIOGRAPHY>,Avery Patel was born on 06/23/1969. Avery Patel grew up in Oakridge. Avery Patel studied Mechanical Engineering at Yale University. Avery Patel works as a UX designer at Vertex Dynamics.,Avery Patel,Avery Patel | 06/23/1969 | Oakridge | Mechanical Engineering | UX designer | Vertex Dynamics
<BIOGRAPHY>,Logan Avery was born on 09/28/1961. Logan Avery grew up in Fairview. Logan Avery studied Physics at Yale University. Logan Avery works as a UX designer at Apex Consulting.,Logan Avery,Logan Avery | 09/28/1961 | Fairview | Physics | UX designer | Apex Consulting
<BIOGRAPHY>,Elliot Mason was born on 06/27/1977. Elliot Mason grew up in Hueytown. Elliot Mason studied Philosophy at Stanford University. Elliot Mason works as a research analyst at Aurora Health.,Elliot Mason,Elliot Mason | 06/27/1977 | Hueytown | Philosophy | research analyst | Aurora Health
<BIOGRAPHY>,Jordan Ellis was born on 08/03/1996. Jordan Ellis grew up in Grandview. Jordan Ellis studied Sociology at University of Oxford. Jordan Ellis works as a marketing director at Summit Works.,Jordan Ellis,Jordan Ellis | 08/03/1996 | Grandview | Sociology | marketing director | Summit Works
<BIOGRAPHY>,Dakota Miles was born on 12/13/1968. Dakota Miles grew up in Lakeside. Dakota Miles studied Political Science at Princeton University. Dakota Miles works as a biomedical engineer at Cascade Robotics.,Dakota Miles,Dakota Miles | 12/13/1968 | Lakeside | Political Science | biomedical engineer | Cascade Robotics
<BIOGRAPHY>,Avery Morgan was born on 09/10/1971. Avery Morgan grew up in Oriska. Avery Morgan studied Art History at MIT. Avery Morgan works as a software engineer at Northwind Ventures.,Avery Morgan,Avery Morgan | 09/10/1971 | Oriska | Art History | software engineer | Northwind Ventures
<BIOGRAPHY>,Jordan Chen was born on 11/02/1967. Jordan Chen grew up in Mapleton. Jordan Chen studied Art History at Princeton University. Jordan Chen works as a UX designer at Solaris Systems.,Jordan Chen,Jordan Chen | 11/02/1967 | Mapleton | Art History | UX designer | Solaris Systems
<BIOGRAPHY>,Cameron Reid was born on 07/24/1940. Cameron Reid grew up in Lakeside. Cameron Reid studied Mechanical Engineering at MIT. Cameron Reid works as a operations lead at Summit Works.,Cameron Reid,Cameron Reid | 07/24/1940 | Lakeside | Mechanical Engineering | operations lead | Summit Works
<BIOGRAPHY>,Angie Henderson was born on 12/15/1946. Angie Henderson grew up in Dysart. Angie Henderson studied Mathematics at Yale University. Angie Henderson works as a research analyst at Brightwave Analytics.,Angie Henderson,Angie Henderson | 12/15/1946 | Dysart | Mathematics | research analyst | Brightwave Analytics
<BIOGRAPHY>,Payton Sloan was born on 05/22/1998. Payton Sloan grew up in Dysart. Payton Sloan studied Computer Science at MIT. Payton Sloan works as a software engineer at Silverline Studios.,Payton Sloan,Payton Sloan | 05/22/1998 | Dysart | Computer Science | software engineer | Silverline Studios
<BIOGRAPHY>,Rowan Blake was born on 09/01/1965. Rowan Blake grew up in Mapleton. Rowan Blake studied Physics at Columbia University. Rowan Blake works as a UX designer at Apex Consulting.,Rowan Blake,Rowan Blake | 09/01/1965 | Mapleton | Physics | UX designer | Apex Consulting
<BIOGRAPHY>,Taylor Brooks was born on 12/21/1971. Taylor Brooks grew up in Oriska. Taylor Brooks studied Biology at Harvard University. Taylor Brooks works as a software engineer at Brightwave Analytics.,Taylor Brooks,Taylor Brooks | 12/21/1971 | Oriska | Biology | software engineer | Brightwave Analytics
<BIOGRAPHY>,Taylor Gupta was born on 04/16/1997. Taylor Gupta grew up in Kingston. Taylor Gupta studied Biology at Columbia University. Taylor Gupta works as a biomedical engineer at Northwind Ventures.,Taylor Gupta,Taylor Gupta | 04/16/1997 | Kingston | Biology | biomedical engineer | Northwind Ventures
<BIOGRAPHY>,Riley Bennett was born on 11/06/1999. Riley Bennett grew up in Riverside. Riley Bennett studied Sociology at University of Oxford. Riley Bennett works as a UX designer at Summit Works.,Riley Bennett,Riley Bennett | 11/06/1999 | Riverside | Sociology | UX designer | Summit Works
<BIOGRAPHY>,Emerson Clarke was born on 01/11/1981. Emerson Clarke grew up in Brookfield. Emerson Clarke studied Economics at UC Berkeley. Emerson Clarke works as a policy strategist at Blue Horizon Labs.,Emerson Clarke,Emerson Clarke | 01/11/1981 | Brookfield | Economics | policy strategist | Blue Horizon Labs
<BIOGRAPHY>,Cristian Santos was born on 09/21/1984. Cristian Santos grew up in Kingston. Cristian Santos studied Mathematics at University of Oxford. Cristian Santos works as a biomedical engineer at Silverline Studios.,Cristian Santos,Cristian Santos | 09/21/1984 | Kingston | Mathematics | biomedical engineer | Silverline Studios
<BIOGRAPHY>,Skyler Cruz was born on 08/29/1959. Skyler Cruz grew up in Hillcrest. Skyler Cruz studied Computer Science at Yale University. Skyler Cruz works as a systems architect at Lighthouse Partners.,Skyler Cruz,Skyler Cruz | 08/29/1959 | Hillcrest | Computer Science | systems architect | Lighthouse Partners
<BIOGRAPHY>,Morgan Hayes was born on 07/24/1977. Morgan Hayes grew up in Kingston. Morgan Hayes studied Philosophy at Harvard University. Morgan Hayes works as a policy strategist at Vertex Dynamics.,Morgan Hayes,Morgan Hayes | 07/24/1977 | Kingston | Philosophy | policy strategist | Vertex Dynamics
<BIOGRAPHY>,Harper Lane was born on 01/24/1988. Harper Lane grew up in Summit. Harper Lane studied Computer Science at University of Oxford. Harper Lane works as a policy strategist at Aurora Health.,Harper Lane,Harper Lane | 01/24/1988 | Summit | Computer Science | policy strategist | Aurora Health
<BIOGRAPHY>,Quinn Ramsey was born on 04/01/1959. Quinn Ramsey grew up in Brookfield. Quinn Ramsey studied Political Science at University of Oxford. Quinn Ramsey works as a data scientist at Evergreen Media.,Quinn Ramsey,Quinn Ramsey | 04/01/1959 | Brookfield | Political Science | data scientist | Evergreen Media
<BIOGRAPHY>,Spencer Vega was born on 02/01/1944. Spencer Vega grew up in Oakridge. Spencer Vega studied Mathematics at MIT. Spencer Vega works as a financial advisor at Evergreen Media.,Spencer Vega,Spencer Vega | 02/01/1944 | Oakridge | Mathematics | financial advisor | Evergreen Media
<BIOGRAPHY>,Reese Nolan was born on 05/09/1983. Reese Nolan grew up in Oriska. Reese Nolan studied Physics at Harvard University. Reese Nolan works as a operations lead at Cascade Robotics.,Reese Nolan,Reese Nolan | 05/09/1983 | Oriska | Physics | operations lead | Cascade Robotics
<BIOGRAPHY>,Emerson Alvarez was born on 02/06/1958. Emerson Alvarez grew up in Cedar Grove. Emerson Alvarez studied Computer Science at UC Berkeley. Emerson Alvarez works as a product manager at Northwind Ventures.,Emerson Alvarez,Emerson Alvarez | 02/06/1958 | Cedar Grove | Computer Science | product manager | Northwind Ventures
<BIOGRAPHY>,Riley Singh was born on 02/06/1945. Riley Singh grew up in Fowler. Riley Singh studied Political Science at Yale University. Riley Singh works as a product manager at Summit Works.,Riley Singh,Riley Singh | 02/06/1945 | Fowler | Political Science | product manager | Summit Works
<BIOGRAPHY>,Noah Rhodes was born on 06/20/1972. Noah Rhodes grew up in Mapleton. Noah Rhodes studied Mathematics at Harvard University. Noah Rhodes works as a marketing director at Northwind Ventures.,Noah Rhodes,Noah Rhodes | 06/20/1972 | Mapleton | Mathematics | marketing director | Northwind Ventures
<BIOGRAPHY>,Daniel Wagner was born on 04/03/1986. Daniel Wagner grew up in Dysart. Daniel Wagner studied Political Science at Yale University. Daniel Wagner works as a systems architect at Solaris Systems.,Daniel Wagner,Daniel Wagner | 04/03/1986 | Dysart | Political Science | systems architect | Solaris Systems
<BIOGRAPHY>,Parker Quinn was born on 01/20/1946. Parker Quinn grew up in Oakridge. Parker Quinn studied Computer Science at Columbia University. Parker Quinn works as a UX designer at Lighthouse Partners.,Parker Quinn,Parker Quinn | 01/20/1946 | Oakridge | Computer Science | UX designer | Lighthouse Partners
<BIOGRAPHY>,Connie Lawrence was born on 12/21/1975. Connie Lawrence grew up in Oakridge. Connie Lawrence studied Art History at Columbia University. Connie Lawrence works as a software engineer at Solaris Systems.,Connie Lawrence,Connie Lawrence | 12/21/1975 | Oakridge | Art History | software engineer | Solaris Systems
<BIOGRAPHY>,Sydney Barrett was born on 07/15/2001. Sydney Barrett grew up in Fowler. Sydney Barrett studied Physics at Princeton University. Sydney Barrett works as a UX designer at Solaris Systems.,Sydney Barrett,Sydney Barrett | 07/15/2001 | Fowler | Physics | UX designer | Solaris Systems
<BIOGRAPHY>,Sawyer Tate was born on 10/24/1977. Sawyer Tate grew up in Cedar Grove. Sawyer Tate studied Political Science at Princeton University. Sawyer Tate works as a policy strategist at Lighthouse Partners.,Sawyer Tate,Sawyer Tate | 10/24/1977 | Cedar Grove | Political Science | policy strategist | Lighthouse Partners
<BIOGRAPHY>,Avery Patel was born on 11/06/1948. Avery Patel grew up in Westhaven. Avery Patel studied Mechanical Engineering at MIT. Avery Patel works as a systems architect at Aurora Health.,Avery Patel,Avery Patel | 11/06/1948 | Westhaven | Mechanical Engineering | systems architect | Aurora Health
<BIOGRAPHY>,Logan Avery was born on 08/28/2002. Logan Avery grew up in Hillcrest. Logan Avery studied Mechanical Engineering at Yale University. Logan Avery works as a systems architect at Solaris Systems.,Logan Avery,Logan Avery | 08/28/2002 | Hillcrest | Mechanical Engineering | systems architect | Solaris Systems
<BIOGRAPHY>,Elliot Mason was born on 06/01/1964. Elliot Mason grew up in Hillcrest. Elliot Mason studied Computer Science at MIT. Elliot Mason works as a data scientist at Northwind Ventures.,Elliot Mason,Elliot Mason | 06/01/1964 | Hillcrest | Computer Science | data scientist | Northwind Ventures
<BIOGRAPHY>,Jordan Ellis was born on 08/17/1959. Jordan Ellis grew up in Riverside. Jordan Ellis studied Mathematics at Columbia University. Jordan Ellis works as a systems architect at Aurora Health.,Jordan Ellis,Jordan Ellis | 08/17/1959 | Riverside | Mathematics | systems architect | Aurora Health
<BIOGRAPHY>,Dakota Miles was born on 07/20/1998. Dakota Miles grew up in Summit. Dakota Miles studied Mechanical Engineering at Yale University. Dakota Miles works as a creative producer at Cascade Robotics.,Dakota Miles,Dakota Miles | 07/20/1998 | Summit | Mechanical Engineering | creative producer | Cascade Robotics
<BIOGRAPHY>,Avery Morgan was born on 06/10/1961. Avery Morgan grew up in Brookfield. Avery Morgan studied Mathematics at MIT. Avery Morgan works as a data scientist at Lighthouse Partners.,Avery Morgan,Avery Morgan | 06/10/1961 | Brookfield | Mathematics | data scientist | Lighthouse Partners
<BIOGRAPHY>,Jordan Chen was born on 12/24/1956. Jordan Chen grew up in Grandview. Jordan Chen studied Biology at Yale University. Jordan Chen works as a systems architect at Solaris Systems.,Jordan Chen,Jordan Chen | 12/24/1956 | Grandview | Biology | systems architect | Solaris Systems
<BIOGRAPHY>,Cameron Reid was born on 10/18/1950. Cameron Reid grew up in Silverton. Cameron Reid studied Computer Science at University of Oxford. Cameron Reid works as a creative producer at Aurora Health.,Cameron Reid,Cameron Reid | 10/18/1950 | Silverton | Computer Science | creative producer | Aurora Health
<BIOGRAPHY>,Angie Henderson was born on 12/30/1984. Angie Henderson grew up in Fowler. Angie Henderson studied Mathematics at UC Berkeley. Angie Henderson works as a creative producer at Silverline Studios.,Angie Henderson,Angie Henderson | 12/30/1984 | Fowler | Mathematics | creative producer | Silverline Studios
<BIOGRAPHY>,Payton Sloan was born on 07/08/1990. Payton Sloan grew up in Oriska. Payton Sloan studied Biology at Princeton University. Payton Sloan works as a financial advisor at Cascade Robotics.,Payton Sloan,Payton Sloan | 07/08/1990 | Oriska | Biology | financial advisor | Cascade Robotics
<BIOGRAPHY>,Rowan Blake was born on 03/29/1986. Rowan Blake grew up in Riverside. Rowan Blake studied Physics at Columbia University. Rowan Blake works as a policy strategist at Brightwave Analytics.,Rowan Blake,Rowan Blake | 03/29/1986 | Riverside | Physics | policy strategist | Brightwave Analytics
<BIOGRAPHY>,Taylor Brooks was born on 04/23/1954. Taylor Brooks grew up in Oakridge. Taylor Brooks studied Physics at Stanford University. Taylor Brooks works as a biomedical engineer at Lighthouse Partners.,Taylor Brooks,Taylor Brooks | 04/23/1954 | Oakridge | Physics | biomedical engineer | Lighthouse Partners
<BIOGRAPHY>,Taylor Gupta was born on 11/20/1946. Taylor Gupta grew up in Oriska. Taylor Gupta studied Biology at Princeton University. Taylor Gupta works as a financial advisor at Silverline Studios.,Taylor Gupta,Taylor Gupta | 11/20/1946 | Oriska | Biology | financial advisor | Silverline Studios
<BIOGRAPHY>,Riley Bennett was born on 11/03/1956. Riley Bennett grew up in Westhaven. Riley Bennett studied Art History at Harvard University. Riley Bennett works as a product manager at Summit Works.,Riley Bennett,Riley Bennett | 11/03/1956 | Westhaven | Art History | product manager | Summit Works
<BIOGRAPHY>,Emerson Clarke was born on 04/06/1986. Emerson Clarke grew up in Greenwood. Emerson Clarke studied Biology at Harvard University. Emerson Clarke works as a research analyst at Apex Consulting.,Emerson Clarke,Emerson Clarke | 04/06/1986 | Greenwood | Biology | research analyst | Apex Consulting
<BIOGRAPHY>,Cristian Santos was born on 02/26/1988. Cristian Santos grew up in Summit. Cristian Santos studied Mechanical Engineering at University of Oxford. Cristian Santos works as a systems architect at Apex Consulting.,Cristian Santos,Cristian Santos | 02/26/1988 | Summit | Mechanical Engineering | systems architect | Apex Consulting
<BIOGRAPHY>,Skyler Cruz was born on 05/30/1959. Skyler Cruz grew up in Westhaven. Skyler Cruz studied Art History at MIT. Skyler Cruz works as a operations lead at Northwind Ventures.,Skyler Cruz,Skyler Cruz | 05/30/1959 | Westhaven | Art History | operations lead | Northwind Ventures
<BIOGRAPHY>,Morgan Hayes was born on 07/08/1949. Morgan Hayes grew up in Lakeside. Morgan Hayes studied Art History at Yale University. Morgan Hayes works as a financial advisor at Apex Consulting.,Morgan Hayes,Morgan Hayes | 07/08/1949 | Lakeside | Art History | financial advisor | Apex Consulting
<BIOGRAPHY>,Harper Lane was born on 03/06/1975. Harper Lane grew up in Fowler. Harper Lane studied Mechanical Engineering at Yale University. Harper Lane works as a systems architect at Silverline Studios.,Harper Lane,Harper Lane | 03/06/1975 | Fowler | Mechanical Engineering | systems architect | Silverline Studios
<BIOGRAPHY>,Quinn Ramsey was born on 05/17/2002. Quinn Ramsey grew up in Riverside. Quinn Ramsey studied Mechanical Engineering at Yale University. Quinn Ramsey works as a systems architect at Northwind Ventures.,Quinn Ramsey,Quinn Ramsey | 05/17/2002 | Riverside | Mechanical Engineering | systems architect | Northwind Ventures
<BIOGRAPHY>,Spencer Vega was born on 12/28/1998. Spencer Vega grew up in Hueytown. Spencer Vega studied Mechanical Engineering at Harvard University. Spencer Vega works as a marketing director at Aurora Health.,Spencer Vega,Spencer Vega | 12/28/1998 | Hueytown | Mechanical Engineering | marketing director | Aurora Health
<BIOGRAPHY>,Reese Nolan was born on 10/13/1941. Reese Nolan grew up in Hueytown. Reese Nolan studied Sociology at MIT. Reese Nolan works as a financial advisor at Northwind Ventures.,Reese Nolan,Reese Nolan | 10/13/1941 | Hueytown | Sociology | financial advisor | Northwind Ventures
<BIOGRAPHY>,Emerson Alvarez was born on 12/07/1940. Emerson Alvarez grew up in Fowler. Emerson Alvarez studied Political Science at Princeton University. Emerson Alvarez works as a systems architect at Silverline Studios.,Emerson Alvarez,Emerson Alvarez | 12/07/1940 | Fowler | Political Science | systems architect | Silverline Studios
<BIOGRAPHY>,Riley Singh was born on 12/14/1964. Riley Singh grew up in Oriska. Riley Singh studied Sociology at Harvard University. Riley Singh works as a software engineer at Vertex Dynamics.,Riley Singh,Riley Singh | 12/14/1964 | Oriska | Sociology | software engineer | Vertex Dynamics
<BIOGRAPHY>,Noah Rhodes was born on 06/14/1949. Noah Rhodes grew up in Lakeside. Noah Rhodes studied Biology at University of Oxford. Noah Rhodes works as a research analyst at Evergreen Media.,Noah Rhodes,Noah Rhodes | 06/14/1949 | Lakeside | Biology | research analyst | Evergreen Media
<BIOGRAPHY>,Daniel Wagner was born on 11/26/2001. Daniel Wagner grew up in Brookfield. Daniel Wagner studied Computer Science at University of Oxford. Daniel Wagner works as a data scientist at Evergreen Media.,Daniel Wagner,Daniel Wagner | 11/26/2001 | Brookfield | Computer Science | data scientist | Evergreen Media
<BIOGRAPHY>,Parker Quinn was born on 09/18/1982. Parker Quinn grew up in Silverton. Parker Quinn studied Mathematics at UC Berkeley. Parker Quinn works as a policy strategist at Evergreen Media.,Parker Quinn,Parker Quinn | 09/18/1982 | Silverton | Mathematics | policy strategist | Evergreen Media
<BIOGRAPHY>,Connie Lawrence was born on 02/17/1964. Connie Lawrence grew up in Cedar Grove. Connie Lawrence studied Biology at UC Berkeley. Connie Lawrence works as a systems architect at Solaris Systems.,Connie Lawrence,Connie Lawrence | 02/17/1964 | Cedar Grove | Biology | systems architect | Solaris Systems
<BIOGRAPHY>,Sydney Barrett was born on 03/31/1996. Sydney Barrett grew up in Northbridge. Sydney Barrett studied Mathematics at Columbia University. Sydney Barrett works as a creative producer at Apex Consulting.,Sydney Barrett,Sydney Barrett | 03/31/1996 | Northbridge | Mathematics | creative producer | Apex Consulting
<BIOGRAPHY>,Sawyer Tate was born on 12/10/1953. Sawyer Tate grew up in Lakeside. Sawyer Tate studied Sociology at Yale University. Sawyer Tate works as a policy strategist at Aurora Health.,Sawyer Tate,Sawyer Tate | 12/10/1953 | Lakeside | Sociology | policy strategist | Aurora Health
